id,imie,nazwisko,plec,adres_id,data_urodzenia
1,Brent,Carr,M,344,1977-06-02
2,Tyler,Lee,M,322,1998-06-09
3,Deborah,Brown,K,326,1962-02-14
4,Jeffrey,Smith,M,323,1973-02-04
5,Peter,Morris,M,334,1974-03-25
6,Gary,Moore,M,318,1998-10-05
7,Anthony,Simmons,M,333,1963-04-20
8,Gabrielle,Todd,K,322,1982-01-13
9,Bryan,Olsen,M,304,1983-05-25
10,Melissa,Johnson,K,338,1967-11-20
11,David,Young,M,306,1965-05-25
12,John,Christensen,M,335,2004-07-28
13,Jessica,Gutierrez,K,301,1958-03-28
14,Wendy,Lynch,K,339,2000-07-05
15,Ryan,Miller,M,346,1964-01-13
16,Vanessa,Ochoa,K,350,1993-01-12
17,Matthew,Brooks,M,323,1969-01-06
18,Susan,Murphy,K,326,1986-06-12
19,Katherine,Schaefer,K,341,1984-05-20
20,Douglas,Nelson,M,335,1972-07-17
21,Michelle,Lloyd,K,320,1969-10-30
22,Barbara,Simon,K,333,1976-09-05
23,Meghan,Ferguson,K,330,1996-10-23
24,Jake,Cameron,M,350,1970-11-10
25,Erika,Sanchez,K,335,2005-02-05
26,Ian,Johns,M,304,1985-05-04
27,Julie,Padilla,K,326,1960-02-17
28,Bonnie,Pham,K,341,1999-04-18
29,Adam,Garcia,M,304,1994-09-13
30,Jennifer,Ward,K,315,1955-03-14
31,Joyce,Oconnell,K,325,1970-09-08
32,Brandon,Joseph,M,349,2001-06-01
33,Michele,Adkins,K,348,2001-04-06
34,Michael,Smith,M,327,2006-03-30
35,David,Smith,M,313,2001-03-24
36,Barbara,Carr,K,302,1978-05-27
37,Sarah,Peters,K,320,1977-05-04
38,William,Watts,M,319,1988-05-03
39,Bryce,James,M,350,1996-02-24
40,Nicholas,Huynh,M,346,1958-07-15
41,Michael,Griffin,M,305,1991-08-25
42,Kyle,Donaldson,M,316,2008-03-02
43,Margaret,Cameron,K,338,1995-12-04
44,Edward,Tate,M,319,1973-09-25
45,Martin,Velazquez,M,317,2008-09-30
46,Timothy,Williams,M,345,1963-01-01
47,Nicole,Mclean,K,319,2004-11-21
48,Connie,Kelly,K,348,1991-09-15
49,Amy,Myers,K,327,1968-02-29
50,Amanda,Baker,K,317,1969-03-09
51,Jennifer,Dixon,K,333,1994-04-05
52,Taylor,Baldwin,K,317,1988-10-06
53,Casey,Davis,K,345,1982-01-29
54,Steven,Levy,M,306,1969-04-20
55,Kelly,Cowan,K,319,1979-04-08
56,David,Smith,M,348,2009-03-21
57,Ivan,Moore,M,337,1974-05-30
58,Eric,Miller,M,316,1962-09-23
59,Christopher,Bishop,M,341,1966-12-27
60,Caroline,Lee,K,305,1985-01-29
61,Joshua,Mcbride,M,304,1961-06-27
62,Kristin,Barnes,K,329,1974-01-13
63,Angelica,Wong,K,318,1958-11-17
64,Tina,Chan,K,304,1969-06-12
65,Michael,Gray,M,305,1955-06-03
66,Casey,Oconnor,K,347,1979-07-21
67,Paul,Krause,M,311,1974-10-25
68,David,Landry,M,313,1957-01-08
69,Richard,Vaughn,M,327,2000-07-04
70,Sarah,Pitts,K,349,1972-06-14
71,Stacy,Bauer,K,328,1994-11-21
72,Misty,Wood,K,304,1966-02-14
73,Jonathan,Garza,M,348,1968-07-03
74,Erika,Jones,K,311,1970-10-07
75,Leah,Houston,K,327,1966-09-27
76,Matthew,Lane,M,304,2006-06-27
77,Keith,Watson,M,303,1956-10-19
78,Joseph,West,M,334,1957-08-03
79,Michael,Guzman,M,350,1959-07-23
80,Lacey,King,K,318,1980-05-01
81,Laura,Bass,K,334,1974-06-04
82,Brandon,Brooks,M,346,2008-12-13
83,Danielle,Nguyen,K,324,2006-03-28
84,Crystal,Lee,K,343,1984-08-23
85,Jordan,Richmond,M,312,1997-10-15
86,Willie,Gregory,M,301,1986-04-20
87,Timothy,Strong,M,311,2006-09-12
88,Jamie,Blake,K,313,2009-03-22
89,Bryan,Reese,M,348,1970-05-27
90,Sandra,Johnson,K,350,2000-02-29
91,Ryan,Carroll,M,303,1992-06-06
92,Noah,Powell,M,342,1981-04-20
93,Miranda,Edwards,K,337,1998-10-08
94,Thomas,Gardner,M,324,2009-08-25
95,Deborah,Johnson,K,337,1979-04-09
96,Alexis,Moss,K,336,1969-09-22
97,Kristin,Wilson,K,349,1966-10-26
98,Amy,Kemp,K,312,2003-06-11
99,Kara,Butler,K,324,1983-08-21
100,Eric,Goodman,M,313,2000-06-11
101,Ann,Smith,K,317,1959-05-25
102,Joseph,Evans,M,336,1967-05-04
103,Mark,Mcconnell,M,317,1987-07-05
104,Heather,Todd,K,313,2009-11-23
105,Brent,Gross,M,305,1989-06-19
106,Robin,Schwartz,K,310,1973-02-08
107,Tiffany,Alvarez,K,317,1990-03-08
108,Willie,Owens,M,315,1989-11-26
109,Larry,Elliott,M,335,1960-03-04
110,Krista,Newman,K,309,1984-07-30
111,Edward,Cole,M,323,1962-08-08
112,Julie,Allen,K,345,1981-02-16
113,Ashley,Rodriguez,K,311,1964-01-10
114,Breanna,Gray,K,329,2005-01-01
115,Michael,Allen,M,333,1993-12-06
116,Samantha,Joyce,K,342,2007-06-28
117,Paul,Martin,M,327,1999-11-10
118,Robert,Mcdowell,M,319,1997-10-26
119,Gloria,Whitney,K,312,1965-03-30
120,Ashley,Tyler,K,331,2008-05-18
121,Daniel,Day,M,342,1988-02-03
122,Frederick,Alvarado,M,338,1974-05-04
123,Darrell,Williams,M,330,1994-05-11
124,Patrick,Pham,M,349,2004-01-30
125,Kristine,Hicks,K,320,1993-02-19
126,Natalie,Russell,K,301,1967-12-20
127,Heather,Meyer,K,327,1979-12-10
128,Jeremy,Caldwell,M,317,2008-08-05
129,Kelly,Sanders,K,322,1966-03-04
130,Brian,Reeves,M,339,1975-12-09
131,Kimberly,Schultz,K,335,1983-08-16
132,Wendy,Wilson,K,317,1972-04-14
133,Joshua,Jones,M,333,1957-10-11
134,Jared,Hays,M,315,2002-07-27
135,Andrew,Brown,M,313,1999-08-02
136,Robin,Lowe,K,322,1980-04-20
137,Matthew,Campbell,M,303,1987-09-11
138,Michelle,Harris,K,343,1978-12-01
139,Sheila,Martin,K,304,1967-12-04
140,William,Norman,M,331,1994-02-20
141,Donna,Thompson,K,341,2006-02-09
142,Jennifer,Warren,K,349,1958-08-15
143,Stephanie,Costa,K,350,1958-03-20
144,Jessica,Kelly,K,325,1999-03-18
145,Rebecca,Vargas,K,347,1958-08-30
146,Morgan,Woods,K,329,2004-01-28
147,Lucas,Lopez,M,334,1963-03-23
148,Maria,Sweeney,K,306,1984-12-09
149,Mallory,Salas,K,312,1966-06-19
150,Michael,Torres,M,329,1970-05-12
151,Brandi,Wilson,K,331,1981-02-19
152,Steve,Morris,M,319,1958-08-07
153,Amanda,Garcia,K,317,1960-09-29
154,Angela,Baker,K,339,1993-08-22
155,Monica,Dixon,K,330,1981-11-16
156,Natalie,Malone,K,332,1963-01-27
157,Jeremy,Gardner,M,302,1996-12-07
158,Stephanie,Guerrero,K,328,1972-07-27
159,Tristan,Hall,M,310,1970-07-28
160,Jessica,Murphy,K,325,1960-12-09
161,Anne,Lynch,K,309,1991-11-09
162,Brittney,Moreno,K,306,2000-12-14
163,Martha,Beltran,K,316,1983-04-30
164,Todd,Mcdonald,M,329,1957-06-15
165,Benjamin,Richardson,M,344,1968-09-06
166,Elizabeth,Butler,K,312,1984-02-10
167,Kathryn,Alvarez,K,311,1976-12-09
168,Christina,Foley,K,318,1981-10-20
169,Joshua,Carter,M,341,1974-02-23
170,Catherine,Edwards,K,347,1956-09-20
171,Antonio,Moore,M,326,1973-03-28
172,Pamela,Williams,K,314,1978-02-26
173,William,Diaz,M,348,1972-11-23
174,Christian,Gomez,M,313,2003-06-18
175,Joanna,Crawford,K,302,1994-01-28
176,Lindsay,Taylor,K,347,1986-03-18
177,Abigail,Porter,K,332,2005-10-23
178,Amy,Williams,K,319,1970-03-28
179,Charles,Davis,M,336,1970-09-01
180,Lisa,Jones,K,312,1990-03-22
181,Robert,Wong,M,326,1978-07-27
182,David,Parsons,M,332,1957-09-18
183,Nicole,Daniels,K,321,1987-12-09
184,Larry,Stevens,M,304,1955-03-02
185,Jennifer,Jordan,K,324,1999-09-15
186,Amanda,Macias,K,319,1982-10-11
187,Jennifer,Brooks,K,340,1988-04-03
188,Meghan,Wood,K,314,1971-12-16
189,Katie,Anderson,K,311,1999-06-11
190,Valerie,Jackson,K,329,1982-07-21
191,Lindsey,Nguyen,K,324,1959-05-11
192,Thomas,Patterson,M,312,1962-01-08
193,Miguel,Wilson,M,348,1978-06-15
194,Patricia,Garcia,K,330,1955-02-23
195,Douglas,Robinson,M,303,1991-11-18
196,Michael,Adams,M,319,1973-10-01
197,Jill,Guzman,K,321,1966-11-22
198,Brian,Porter,M,313,1991-05-14
199,Maria,Mccoy,K,332,1980-05-29
200,Henry,Williams,M,303,1985-11-18
